<?xml version="1.0" encoding="UTF-8"?><!DOCTYPE article PUBLIC "-//NLM//DTD JATS (Z39.96) Journal Archiving and Interchange DTD v1.1d1 20130915//EN" "JATS-archivearticle1.dtd"><article article-type="research-article" dtd-version="1.1d1" xml:lang="en" xmlns:xlink="http://www.w3.org/1999/xlink"><front><journal-meta><journal-id journal-id-type="publisher-id">BHDA</journal-id><journal-id journal-id-type="sage">BHD</journal-id><journal-title-group><journal-title>Behavioral Disorders </journal-title></journal-title-group><issn pub-type="ppub">0198-7429</issn><issn pub-type="epub">2163-5307</issn><publisher><publisher-name>SAGE Publications</publisher-name><publisher-loc>Sage CA: Los Angeles, CA</publisher-loc></publisher></journal-meta><article-meta><article-id pub-id-type="doi">10.1177/019874291504000301</article-id><article-id pub-id-type="publisher-id">10.1177_019874291504000301</article-id><article-categories><subj-group subj-group-type="heading"><subject>Article</subject></subj-group></article-categories><title-group><article-title>Author Guidelines</article-title></title-group><pub-date pub-type="epub-ppub"><month>5</month><year>2015</year></pub-date><volume>40</volume><issue>3</issue><fpage>158</fpage><lpage>158</lpage><permissions><copyright-statement>© 2015 Hammill Institute on Disabilities</copyright-statement><copyright-year>2015</copyright-year><copyright-holder content-type="other">Hammill Institute on Disabilities</copyright-holder></permissions><self-uri content-type="pdf" xlink:href="019874291504000301.pdf"/><custom-meta-group><custom-meta><meta-name>rightslink</meta-name><meta-value>excluded</meta-value></custom-meta></custom-meta-group></article-meta></front></article>