<?xml version="1.0" encoding="UTF-8"?>
<!DOCTYPE issue-xml
PUBLIC "-//Atypon//DTD Atypon JATS Journal Archiving and Interchange Issue XML DTD v1.0 20120831//EN"
"JATS-1.0/Atypon-Issue-Xml.dtd">
<issue-xml><journal-meta><journal-id journal-id-type="publisher-id">AIPA</journal-id><journal-title-group><journal-title>AADE in Practice</journal-title></journal-title-group><issn pub-type="ppub">2325-1603</issn><issn pub-type="epub">2325-1611</issn><publisher><publisher-name>SAGE Publications</publisher-name></publisher></journal-meta><issue-meta issue-type="normal"><pub-date pub-type="epub-ppub"><month>3</month><year>2017</year></pub-date><volume>5</volume><issue>2</issue><issue-id pub-id-type="doi">10.1177/AIPA_5_2</issue-id></issue-meta><toc toc-type="page-order"><issue-subject-group><issue-subject-title><subject>From the Editor</subject></issue-subject-title><issue-article-meta><article-id pub-id-type="doi">10.1177/2325160317691479</article-id></issue-article-meta></issue-subject-group><issue-subject-group><issue-subject-title><subject>From the President</subject></issue-subject-title><issue-article-meta><article-id pub-id-type="doi">10.1177/2325160317691478</article-id></issue-article-meta></issue-subject-group><issue-subject-group><issue-subject-title><subject>Features</subject></issue-subject-title><issue-article-meta><article-id pub-id-type="doi">10.1177/2325160316682944</article-id></issue-article-meta><issue-article-meta><article-id pub-id-type="doi">10.1177/2325160316685608</article-id></issue-article-meta><issue-article-meta><article-id pub-id-type="doi">10.1177/2325160317691535</article-id></issue-article-meta></issue-subject-group><issue-subject-group><issue-subject-title><subject>Departments</subject></issue-subject-title><issue-subject-group><issue-subject-title><subject>Food for Thought</subject></issue-subject-title><issue-article-meta><article-id pub-id-type="doi">10.1177/2325160316686763</article-id></issue-article-meta></issue-subject-group></issue-subject-group><issue-subject-group><issue-subject-title><subject>Columns</subject></issue-subject-title><issue-subject-group><issue-subject-title><subject>Reflections</subject></issue-subject-title><issue-article-meta><article-id pub-id-type="doi">10.1177/2325160316688474</article-id></issue-article-meta></issue-subject-group><issue-subject-group><issue-subject-title><subject>Test Your Knowledge</subject></issue-subject-title><issue-article-meta><article-id pub-id-type="doi">10.1177/2325160316688473</article-id></issue-article-meta></issue-subject-group></issue-subject-group><issue-subject-group><issue-subject-title><subject>News &amp; Events</subject></issue-subject-title><issue-article-meta><article-id pub-id-type="doi">10.1177/2325160317690134</article-id></issue-article-meta><issue-article-meta><article-id pub-id-type="doi">10.1177/2325160317694178</article-id></issue-article-meta></issue-subject-group></toc></issue-xml>