<?xml version="1.0" encoding="UTF-8"?>
<!DOCTYPE issue-xml
PUBLIC "-//Atypon//DTD Atypon JATS Journal Archiving and Interchange Issue XML DTD v1.0 20120831//EN"
"JATS-1.0/Atypon-Issue-Xml.dtd">
<issue-xml><journal-meta><journal-id journal-id-type="publisher-id">BHDA</journal-id><journal-title-group><journal-title>Behavioral Disorders </journal-title></journal-title-group><issn pub-type="ppub">0198-7429</issn><issn pub-type="epub">2163-5307</issn><publisher><publisher-name>SAGE Publications</publisher-name></publisher></journal-meta><issue-meta issue-type="normal"><pub-date pub-type="epub-ppub"><month>5</month><year>2015</year></pub-date><volume>40</volume><issue>3</issue><issue-id pub-id-type="doi">10.1177/BHDA_40_3</issue-id></issue-meta><toc toc-type="page-order"><issue-subject-group><issue-subject-title><subject>Article</subject></issue-subject-title><issue-article-meta><article-id pub-id-type="doi">10.1177/019874291504000301</article-id></issue-article-meta><issue-article-meta><article-id pub-id-type="doi">10.17988/0198-7429-40.3.159</article-id></issue-article-meta><issue-article-meta><article-id pub-id-type="doi">10.17988/0198-7429-40.3.171</article-id></issue-article-meta><issue-article-meta><article-id pub-id-type="doi">10.17988/0198-7429-40.3.184</article-id></issue-article-meta><issue-article-meta><article-id pub-id-type="doi">10.17988/0198-7429-40.3.196</article-id></issue-article-meta></issue-subject-group></toc></issue-xml>