<?xml version="1.0" encoding="UTF-8"?>
<!DOCTYPE issue-xml
PUBLIC "-//Atypon//DTD Atypon JATS Journal Archiving and Interchange Issue XML DTD v1.0 20120831//EN"
"JATS-1.0/Atypon-Issue-Xml.dtd">
<issue-xml><journal-meta><journal-id journal-id-type="publisher-id">BHDA</journal-id><journal-title-group><journal-title>Behavioral Disorders </journal-title></journal-title-group><issn pub-type="ppub">0198-7429</issn><issn pub-type="epub">2163-5307</issn><publisher><publisher-name>SAGE Publications</publisher-name></publisher></journal-meta><issue-meta issue-type="normal"><pub-date pub-type="epub-ppub"><month>2</month><year>2017</year></pub-date><volume>42</volume><issue>2</issue><issue-id pub-id-type="doi">10.1177/BHDA_42_2</issue-id></issue-meta><toc toc-type="page-order"><issue-subject-group><issue-subject-title><subject>Editorial</subject></issue-subject-title><issue-article-meta><article-id pub-id-type="doi">10.1177/0198742917690506</article-id></issue-article-meta></issue-subject-group><issue-subject-group><issue-subject-title><subject>Articles</subject></issue-subject-title><issue-article-meta><article-id pub-id-type="doi">10.1177/0198742916688644</article-id></issue-article-meta><issue-article-meta><article-id pub-id-type="doi">10.1177/0198742916688653</article-id></issue-article-meta><issue-article-meta><article-id pub-id-type="doi">10.1177/0198742916688652</article-id></issue-article-meta></issue-subject-group></toc></issue-xml>