<?xml version="1.0" encoding="UTF-8"?><!DOCTYPE article PUBLIC "-//NLM//DTD JATS (Z39.96) Journal Archiving and Interchange DTD v1.1d1 20130915//EN" "JATS-archivearticle1.dtd"><article article-type="research-article" dtd-version="1.1d1" xml:lang="en" xmlns:xlink="http://www.w3.org/1999/xlink"><front><journal-meta><journal-id journal-id-type="publisher-id">BHDA</journal-id><journal-id journal-id-type="sage">BHD</journal-id><journal-title-group><journal-title>Behavioral Disorders </journal-title></journal-title-group><issn pub-type="ppub">0198-7429</issn><issn pub-type="epub">2163-5307</issn><publisher><publisher-name>SAGE Publications</publisher-name><publisher-loc>Sage CA: Los Angeles, CA</publisher-loc></publisher></journal-meta><article-meta><article-id pub-id-type="doi">10.17988/0198-7429-40.3.159</article-id><article-id pub-id-type="publisher-id">10.17988_0198-7429-40.3.159</article-id><article-categories><subj-group subj-group-type="heading"><subject>Article</subject></subj-group></article-categories><title-group><article-title>Student Risk Screening Scale for Internalizing and Externalizing Behaviors: Preliminary Cut Scores to Support Data-Informed Decision Making</article-title></title-group><contrib-group><contrib contrib-type="author"><string-name><given-names>Kathleen Lynne</given-names> <surname>Lane</surname></string-name><xref ref-type="corresp" rid="corresp1-0198-7429-40.3.159"/><xref ref-type="aff" rid="aff1-0198-7429-40.3.159"/></contrib><x>, </x><contrib contrib-type="author"><string-name><given-names>Wendy Peia</given-names> <surname>Oakes</surname></string-name><xref ref-type="aff" rid="aff2-0198-7429-40.3.159"/></contrib><x>, </x><contrib contrib-type="author"><string-name><given-names>Emily D.</given-names> <surname>Swogger</surname></string-name><xref ref-type="aff" rid="aff1-0198-7429-40.3.159"/></contrib><x>, </x><contrib contrib-type="author"><string-name><given-names>Christopher</given-names> <surname>Schatschneider</surname></string-name><xref ref-type="aff" rid="aff3-0198-7429-40.3.159"/></contrib><x>, </x><contrib contrib-type="author"><string-name><given-names>Holly Mariah</given-names> <surname>Menzies</surname></string-name><xref ref-type="aff" rid="aff4-0198-7429-40.3.159"/></contrib><x>, </x><contrib contrib-type="author"><string-name><given-names>Jeremy</given-names> <surname>Sanchez</surname></string-name><xref ref-type="aff" rid="aff2-0198-7429-40.3.159"/></contrib></contrib-group><aff id="aff1-0198-7429-40.3.159">University of Kansas</aff><aff id="aff2-0198-7429-40.3.159">Arizona State University</aff><aff id="aff3-0198-7429-40.3.159">Florida State University</aff><aff id="aff4-0198-7429-40.3.159">California State University, Los Angeles</aff><author-notes><corresp id="corresp1-0198-7429-40.3.159">Address correspondence to Kathleen Lynne Lane, Professor, University of Kansas, Department of Special Education, 1122 West Campus Road, JRP Room 720, Lawrence, KS 66045; E-mail: <email xlink:href="Kathleen.Lane@ku.edu">Kathleen.Lane@ku.edu</email>.</corresp></author-notes><pub-date pub-type="epub-ppub"><month>5</month><year>2015</year></pub-date><volume>40</volume><issue>3</issue><fpage>159</fpage><lpage>170</lpage><history><date date-type="accepted"><day>04</day><month>12</month><year>2014</year></date></history><permissions><copyright-statement>© 2015 Hammill Institute on Disabilities</copyright-statement><copyright-year>2015</copyright-year><copyright-holder content-type="other">Hammill Institute on Disabilities</copyright-holder></permissions><self-uri content-type="pdf" xlink:href="0198-7429-40.3.159.pdf"/><abstract><p>We report findings of a convergent validity study examining the internalizing subscale (SRSS-15) of the newly adapted Student Risk Screening Scale for Internalizing and Externalizing (SRSS-IE12) with the internalizing subscale of the Teacher Report Form (TRF; Achenbach, 1991) conducted in 13 schools across three states with 195 kindergarten through fifth-grade elementary students. Results of logistic regression and receiver operating characteristics curves suggest the following cut scores for the SRSS-15: 0–1 low risk, 2–3 moderate risk, and 4–15 high risk for internalizing behavior patterns, relative to the internalizing subscale of the TRF subscale. Limitations and future directions are discussed, along with illustrations of how to use the SRSS-15 scores for decision making in a tiered system of supports.</p></abstract><custom-meta-group><custom-meta><meta-name>rightslink</meta-name><meta-value>excluded</meta-value></custom-meta></custom-meta-group></article-meta></front><back><ref-list><title>References</title><ref id="bibr1-0198-7429-40.3.159"><mixed-citation publication-type="book"><name><surname>Achenbach</surname><given-names>T. M.</given-names></name> (<year>1991</year>). <source>Integrative guide for the 1991 CBCL/4–18, YRS, &amp; TRF profiles.</source> <publisher-loc>Burlington, VT</publisher-loc>: <publisher-name>University of Vermont, Department of Psychiatry.</publisher-name></mixed-citation></ref><ref id="bibr2-0198-7429-40.3.159"><mixed-citation publication-type="book"><name><surname>Achenbach</surname><given-names>T. M.</given-names></name>, &amp; <name><surname>Rescorla</surname><given-names>L. A.</given-names></name> (<year>2001</year>). <source>Manual for the ASEBA school-age forms &amp; profiles.</source> <publisher-loc>Burlington, VT</publisher-loc>: <publisher-name>University of Vermont, Research Center for Children, Youth, &amp; Families.</publisher-name></mixed-citation></ref><ref id="bibr3-0198-7429-40.3.159"><mixed-citation publication-type="journal"><name><surname>Akos</surname><given-names>P.</given-names></name>, &amp; <name><surname>Galassi</surname><given-names>J. P.</given-names></name> (<year>2004</year>). <article-title>Middle and high school transitions as viewed by students, parents, and teachers.</article-title> <source>Professional School Counseling</source> <volume>7</volume>, <fpage>212</fpage>–<lpage>221</lpage>.</mixed-citation></ref><ref id="bibr4-0198-7429-40.3.159"><mixed-citation publication-type="journal"><name><surname>Bradshaw</surname><given-names>C. P.</given-names></name>, <name><surname>Buckley</surname><given-names>J.</given-names></name>, &amp; <name><surname>Ialongo</surname><given-names>N.</given-names></name> (<year>2008</year>). <article-title>School-based service utilization among urban children with early-onset educational and mental health problems: The squeaky wheel phenomenon.</article-title> <source>School Psychology Quarterly</source> <volume>23</volume>, <fpage>169</fpage>–<lpage>186</lpage>. <pub-id pub-id-type="doi">doi:10.1037/1045-3830.23.2.169</pub-id></mixed-citation></ref><ref id="bibr5-0198-7429-40.3.159"><mixed-citation publication-type="journal"><name><surname>Breton</surname><given-names>J. J.</given-names></name>, <name><surname>Bergeron</surname><given-names>L.</given-names></name>, <name><surname>Valla</surname><given-names>J. P.</given-names></name>, <name><surname>Berthiaume</surname><given-names>C.</given-names></name>, <name><surname>Gaudet</surname><given-names>N.</given-names></name>, <name><surname>Lambert</surname><given-names>J.</given-names></name>, … <name><surname>Lepine</surname><given-names>S.</given-names></name> (<year>1999</year>). <article-title>Quebec child mental health survey: Prevalence of SDM-III-R mental health disorders.</article-title> <source>Journal of Child Psychology and Psychiatry</source> <volume>40</volume>, <fpage>375</fpage>–<lpage>384</lpage>.</mixed-citation></ref><ref id="bibr6-0198-7429-40.3.159"><mixed-citation publication-type="journal"><name><surname>Bunevicius</surname><given-names>A.</given-names></name>, <name><surname>Peceliuniene</surname><given-names>J.</given-names></name>, <name><surname>Mickuviene</surname><given-names>N.</given-names></name>, <name><surname>Valius</surname><given-names>L.</given-names></name>, &amp; <name><surname>Bunevicius</surname><given-names>R.</given-names></name> (<year>2007</year>). <article-title>Screening for depression and anxiety disorders in primary care patients.</article-title> <source>Depression and Anxiety</source> <volume>24</volume>, <fpage>455</fpage>–<lpage>460</lpage>. <pub-id pub-id-type="doi">doi:10.1002/da.20274</pub-id></mixed-citation></ref><ref id="bibr7-0198-7429-40.3.159"><mixed-citation publication-type="journal"><name><surname>Campbell</surname><given-names>D. T.</given-names></name>, &amp; <name><surname>Fiske</surname><given-names>D. W.</given-names></name> (<year>1959</year>). <article-title>Convergent and discriminant validation by the multitrait-multimethod matrix.</article-title> <source>Psychological Bulletin</source> <volume>56</volume>, <fpage>81</fpage>–<lpage>105</lpage>. <pub-id pub-id-type="doi">doi:10.1037/h0046016</pub-id></mixed-citation></ref><ref id="bibr8-0198-7429-40.3.159"><mixed-citation publication-type="journal"><name><surname>Costello</surname><given-names>E. J.</given-names></name>, <name><surname>Erkanli</surname><given-names>A.</given-names></name>, &amp; <name><surname>Angold</surname><given-names>A.</given-names></name> (<year>2006</year>). <article-title>Is there an epidemic of child or adolescent depression?</article-title> <source>Journal of Child Psychology and Psychiatry</source> <volume>47</volume>, <fpage>1263</fpage>–<lpage>1271</lpage>.</mixed-citation></ref><ref id="bibr9-0198-7429-40.3.159"><mixed-citation publication-type="journal"><name><surname>Cronbach</surname><given-names>L. J.</given-names></name>, &amp; <name><surname>Shavelson</surname><given-names>R. J.</given-names></name> (<year>2004</year>). <article-title>My current thoughts on coefficient alpha and successor procedures.</article-title> <source>Educational and Psychological Measurement</source> <volume>64</volume>, <fpage>391</fpage>–<lpage>418</lpage>. <pub-id pub-id-type="doi">doi:10.1177/0013164404266386</pub-id></mixed-citation></ref><ref id="bibr10-0198-7429-40.3.159"><mixed-citation publication-type="book"><name><surname>Drummond</surname><given-names>T.</given-names></name> (<year>1994</year>). <source>The Student Risk Screening Scale (SRSS).</source> <publisher-loc>Grants Pass, OR</publisher-loc>: <publisher-name>Josephine County Mental Health Program.</publisher-name></mixed-citation></ref><ref id="bibr11-0198-7429-40.3.159"><mixed-citation publication-type="other"><name><surname>Drummond</surname><given-names>T.</given-names></name>, <name><surname>Eddy</surname><given-names>J. M.</given-names></name>, <name><surname>Reid</surname><given-names>J. B.</given-names></name>, &amp; <name><surname>Bank</surname><given-names>L.</given-names></name> (November, <year>1994</year>). <source>The Student Risk Screening Scale: A brief teacher screening instrument for conduct disorder.</source> Paper presented at the Fourth Annual Prevention Conference, Washington, DC.</mixed-citation></ref><ref id="bibr12-0198-7429-40.3.159"><mixed-citation publication-type="journal"><name><surname>Fiske</surname><given-names>D.W.</given-names></name>, &amp; <name><surname>Campbell</surname><given-names>D. T.</given-names></name> (<year>1992</year>). <article-title>Citations do not solve problems.</article-title> <source>Psychological Bulletin</source> <volume>112</volume>, <fpage>393</fpage>–<lpage>395</lpage>. <pub-id pub-id-type="doi">doi:10.1037//0033-2909.112.3.393</pub-id></mixed-citation></ref><ref id="bibr13-0198-7429-40.3.159"><mixed-citation publication-type="journal"><name><surname>Forness</surname><given-names>S. R.</given-names></name>, <name><surname>Freeman</surname><given-names>S. F. N.</given-names></name>, <name><surname>Paparella</surname><given-names>T.</given-names></name>, <name><surname>Kauffman</surname><given-names>J. M.</given-names></name>, &amp; <name><surname>Walker</surname><given-names>H. M.</given-names></name> (<year>2012</year>). <article-title>Special education implications of point and cumulative prevalence for children with emotional or behavioral disorders.</article-title> <source>Journal of Emotional and Behavioral Disorders</source> <volume>20</volume>, <fpage>4</fpage>–<lpage>18</lpage>. <pub-id pub-id-type="doi">doi:10.1177/1063426611401624</pub-id></mixed-citation></ref><ref id="bibr14-0198-7429-40.3.159"><mixed-citation publication-type="journal"><name><surname>Germer</surname><given-names>K. A.</given-names></name>, <name><surname>Kaplan</surname><given-names>L. M.</given-names></name>, <name><surname>Giroux</surname><given-names>L. N.</given-names></name>, <name><surname>Markham</surname><given-names>E. H.</given-names></name>, <name><surname>Ferris</surname><given-names>G.</given-names></name>, <name><surname>Oakes</surname><given-names>W.</given-names></name>, &amp; <name><surname>Lane</surname><given-names>K. L.</given-names></name> (<year>2011</year>). <article-title>A function-based intervention to increase a second-grade student's on-task behavior in a general education classroom.</article-title> <source>Beyond Behavior</source> <volume>20</volume>, <fpage>19</fpage>–<lpage>30</lpage>.</mixed-citation></ref><ref id="bibr15-0198-7429-40.3.159"><mixed-citation publication-type="journal"><name><surname>Goodman</surname><given-names>R.</given-names></name> (<year>1997</year>). <article-title>The Strengths and Difficulties Questionnaire: A research note.</article-title> <source>Journal of Child Psychology and Psychiatry</source> <volume>38</volume>, <fpage>581</fpage>–<lpage>586</lpage>. <pub-id pub-id-type="doi">doi:10.1111/j.1469-7610.1997.tb01545.x</pub-id></mixed-citation></ref><ref id="bibr16-0198-7429-40.3.159"><mixed-citation publication-type="book"><name><surname>Gresham</surname><given-names>F. M.</given-names></name>, &amp; <name><surname>Elliott</surname><given-names>S. N.</given-names></name> (<year>1990</year>). <source>The Social Skills Rating System.</source> <publisher-loc>Circle Pines, MN</publisher-loc>: <publisher-name>American Guidance Service.</publisher-name></mixed-citation></ref><ref id="bibr17-0198-7429-40.3.159"><mixed-citation publication-type="book"><name><surname>Kauffman</surname><given-names>J. M.</given-names></name>, &amp; <name><surname>Brigham</surname><given-names>F.J.</given-names></name> (<year>2009</year>). <source>Working with troubled children.</source> <publisher-loc>Verona, WI</publisher-loc>: <publisher-name>Full Court Press.</publisher-name></mixed-citation></ref><ref id="bibr18-0198-7429-40.3.159"><mixed-citation publication-type="book"><name><surname>Kern</surname><given-names>L.</given-names></name>, <name><surname>Hilt-Panahon</surname><given-names>A.</given-names></name>, &amp; <name><surname>Mukherjee</surname><given-names>A. A.</given-names></name> (<year>2013</year>). <chapter-title>Strategies to address internalizing behavior problems.</chapter-title> In <name><surname>Lane</surname><given-names>K. L.</given-names></name>, <name><surname>Cook</surname><given-names>B. G.</given-names></name>, &amp; <name><surname>Tankersley</surname><given-names>M.</given-names></name> (Eds.), <source>Research-based strategies for improving outcomes in behavior</source> (pp. <fpage>59</fpage>–<lpage>72</lpage>). <publisher-loc>New York</publisher-loc>: <publisher-name>Pearson.</publisher-name></mixed-citation></ref><ref id="bibr19-0198-7429-40.3.159"><mixed-citation publication-type="journal"><name><surname>Lane</surname><given-names>K. L.</given-names></name>, <name><surname>Kalberg</surname><given-names>J. R.</given-names></name>, <name><surname>Lambert</surname><given-names>W.</given-names></name>, <name><surname>Crnobori</surname><given-names>M.</given-names></name>, &amp; <name><surname>Bruhn</surname><given-names>A.</given-names></name> (<year>2010</year>). <article-title>A comparison of systematic screening tools for emotional and behavioral disorders: A replication.</article-title> <source>Journal of Emotional and Behavioral Disorders</source> <volume>18</volume>, <fpage>100</fpage>–<lpage>112</lpage>. <pub-id pub-id-type="doi">doi: 10.1177/1063426609341069</pub-id></mixed-citation></ref><ref id="bibr20-0198-7429-40.3.159"><mixed-citation publication-type="journal"><name><surname>Lane</surname><given-names>K. L.</given-names></name>, <name><surname>Little</surname><given-names>M. A.</given-names></name>, <name><surname>Casey</surname><given-names>A. M.</given-names></name>, <name><surname>Lambert</surname><given-names>W.</given-names></name>, <name><surname>Wehby</surname><given-names>J. H.</given-names></name>, <name><surname>Weisenbach</surname><given-names>J. L.</given-names></name>, &amp; <name><surname>Phillips</surname><given-names>A.</given-names></name> (<year>2009</year>). <article-title>A comparison of systematic screening tools for emotional and behavioral disorders: How do they compare?</article-title> <source>Journal of Emotional and Behavioral Disorders</source> <volume>17</volume>, <fpage>93</fpage>–<lpage>105</lpage>.</mixed-citation></ref><ref id="bibr21-0198-7429-40.3.159"><mixed-citation publication-type="other"><name><surname>Lane</surname><given-names>K. L.</given-names></name>, &amp; <name><surname>Menzies</surname><given-names>H. M.</given-names></name> (<year>2009</year>). <source>Student Risk Screening Scale for Early Internalizing and Externalizing Behavior (SRSS-IE).</source> Unpublished rating scale.</mixed-citation></ref><ref id="bibr22-0198-7429-40.3.159"><mixed-citation publication-type="book"><name><surname>Lane</surname><given-names>K. L.</given-names></name>, <name><surname>Menzies</surname><given-names>H. M.</given-names></name>, <name><surname>Ennis</surname><given-names>R. P.</given-names></name>, &amp; <name><surname>Oakes</surname><given-names>W. P.</given-names></name> (in press). <source>Supporting behavior for school success: A step-by-step guide to key strategies.</source> <publisher-loc>New York, NY</publisher-loc>: <publisher-name>Guilford Press</publisher-name>.</mixed-citation></ref><ref id="bibr23-0198-7429-40.3.159"><mixed-citation publication-type="journal"><name><surname>Lane</surname><given-names>K. L.</given-names></name>, <name><surname>Menzies</surname><given-names>H. M.</given-names></name>, <name><surname>Oakes</surname><given-names>W. P.</given-names></name>, <name><surname>Lambert</surname><given-names>W.</given-names></name>, <name><surname>Cox</surname><given-names>M. L.</given-names></name>, &amp; <name><surname>Hankins</surname><given-names>K.</given-names></name> (<year>2012</year>). <article-title>A validation of the Student Risk Screening Scale for internalizing and externalizing behaviors: Patterns in rural and urban elementary schools.</article-title> <source>Behavioral Disorders</source> <volume>37</volume>, <fpage>244</fpage>–<lpage>270</lpage>.</mixed-citation></ref><ref id="bibr24-0198-7429-40.3.159"><mixed-citation publication-type="journal"><name><surname>Lane</surname><given-names>K. L.</given-names></name>, <name><surname>Oakes</surname><given-names>W. P.</given-names></name>, <name><surname>Carter</surname><given-names>E.W.</given-names></name>, &amp; <name><surname>Messenger</surname><given-names>M.</given-names></name> (<year>2015</year>). <article-title>Examining behavioral risk and academic performance for students’ transition from elementary to middle school.</article-title> <source>Journal of Positive Behavior Interventions and Support</source> <volume>17</volume>, <fpage>39</fpage>–<lpage>49</lpage>. <pub-id pub-id-type="doi">doi:10.1177/1098300714524825</pub-id></mixed-citation></ref><ref id="bibr25-0198-7429-40.3.159"><mixed-citation publication-type="journal"><name><surname>Lane</surname><given-names>K. L.</given-names></name>, <name><surname>Oakes</surname><given-names>W. P.</given-names></name>, <name><surname>Ennis</surname><given-names>R. P.</given-names></name>, &amp; <name><surname>Hirsch</surname><given-names>S. E.</given-names></name> (<year>2014</year>). <article-title>Identifying students for secondary and tertiary prevention efforts: How do we determine which students have Tier 2 and Tier 3 needs?</article-title> <source>Preventing School Failure</source> <volume>58</volume>, <fpage>171</fpage>–<lpage>182</lpage>. <pub-id pub-id-type="doi">doi: 10.1080/1045988X.2014.895573</pub-id></mixed-citation></ref><ref id="bibr26-0198-7429-40.3.159"><mixed-citation publication-type="journal"><name><surname>Lane</surname><given-names>K. L.</given-names></name>, <name><surname>Oakes</surname><given-names>W. P.</given-names></name>, <name><surname>Harris</surname><given-names>P. J.</given-names></name>, <name><surname>Menzies</surname><given-names>H. M.</given-names></name>, <name><surname>Cox</surname><given-names>M. L.</given-names></name>, &amp; <name><surname>Lambert</surname><given-names>W.</given-names></name> (<year>2012</year>). <article-title>Initial evidence for the reliability and validity of the Student Risk Screening Scale for internalizing and externalizing behaviors at the elementary level.</article-title> <source>Behavioral Disorders</source> <volume>37</volume>, <fpage>99</fpage>–<lpage>122</lpage>.</mixed-citation></ref><ref id="bibr27-0198-7429-40.3.159"><mixed-citation publication-type="book"><name><surname>Lane</surname><given-names>K. L.</given-names></name>, &amp; <name><surname>Walker</surname><given-names>H. M.</given-names></name> (<year>2015</year>). <chapter-title>The connection between assessment and intervention: How does screening lead to better interventions?</chapter-title> In <name><surname>Bateman</surname><given-names>B.</given-names></name>, <name><surname>Lloyd</surname><given-names>J. W.</given-names></name>, &amp; <name><surname>Tankersley</surname><given-names>M.</given-names></name> (Eds.), <source>Enduring issues in special education: Personal perspectives</source> (pp. <fpage>285</fpage>–<lpage>301</lpage>). <publisher-loc>New York, NY</publisher-loc>: <publisher-name>Routledge.</publisher-name></mixed-citation></ref><ref id="bibr28-0198-7429-40.3.159"><mixed-citation publication-type="journal"><name><surname>Malecki</surname><given-names>C. K.</given-names></name>, &amp; <name><surname>Elliott</surname><given-names>S. N.</given-names></name> (<year>2002</year>). <article-title>Children's social behaviors as predictors of academic achievement: A longitudinal analysis.</article-title> <source>School Psychology Quarterly</source> <volume>17</volume>, <fpage>1</fpage>–<lpage>23</lpage>. <pub-id pub-id-type="doi">doi:10.1521/scpq.17.1.1.19902</pub-id></mixed-citation></ref><ref id="bibr29-0198-7429-40.3.159"><mixed-citation publication-type="journal"><name><surname>McIntosh</surname><given-names>K.</given-names></name>, <name><surname>Campbell</surname><given-names>A. L.</given-names></name>, <name><surname>Carter</surname><given-names>D. R.</given-names></name>, &amp; <name><surname>Zumbo</surname><given-names>B. D.</given-names></name> (<year>2009</year>). <article-title>Concurrent validity of office discipline referrals and cut points used in schoolwide positive behavior support.</article-title> <source>Behavioral Disorders</source> <volume>34</volume>, <fpage>100</fpage>–<lpage>113</lpage>.</mixed-citation></ref><ref id="bibr30-0198-7429-40.3.159"><mixed-citation publication-type="journal"><name><surname>Menzies</surname><given-names>H. M.</given-names></name>, &amp; <name><surname>Lane</surname><given-names>K. L.</given-names></name> (<year>2012</year>). <article-title>Validity of the student risk screening scale: Evidence of predictive validity in a diverse, suburban elementary setting.</article-title> <source>Journal of Emotional and Behavioral Disorders</source> <volume>20</volume>, <fpage>82</fpage>–<lpage>91</lpage>. <pub-id pub-id-type="doi">doi:10.1177/1063426610389613</pub-id></mixed-citation></ref><ref id="bibr31-0198-7429-40.3.159"><mixed-citation publication-type="journal"><name><surname>Oakes</surname><given-names>W. P.</given-names></name>, <name><surname>Lane</surname><given-names>K. L.</given-names></name>, <name><surname>Cox</surname><given-names>M.</given-names></name>, &amp; <name><surname>Messenger</surname><given-names>M.</given-names></name> (<year>2014</year>). <article-title>Logistics of behavior screenings: How and why do we conduct behavior screenings at our school?</article-title> <source>Preventing School Failure</source> <volume>58</volume>, <fpage>159</fpage>–<lpage>170</lpage>. <pub-id pub-id-type="doi">doi:10.1080/1045988X.2014.895572</pub-id></mixed-citation></ref><ref id="bibr32-0198-7429-40.3.159"><mixed-citation publication-type="journal"><name><surname>Oakes</surname><given-names>W. P.</given-names></name>, <name><surname>Wilder</surname><given-names>K.</given-names></name>, <name><surname>Lane</surname><given-names>K. L.</given-names></name>, <name><surname>Powers</surname><given-names>L.</given-names></name>, <name><surname>Yokoyama</surname><given-names>L.</given-names></name>, <name><surname>O'Hare</surname><given-names>M. E.</given-names></name>, &amp; <name><surname>Jenkins</surname><given-names>A. B.</given-names></name> (<year>2010</year>). <article-title>Psychometric properties of the Student Risk Screening Scale: An effective tool for use in diverse urban elementary schools.</article-title> <source>Assessment for Effective Intervention</source> <volume>35</volume>, <fpage>231</fpage>–<lpage>239</lpage>. <pub-id pub-id-type="doi">doi:10.1177/1534508410379796</pub-id></mixed-citation></ref><ref id="bibr33-0198-7429-40.3.159"><mixed-citation publication-type="journal"><name><surname>Petras</surname><given-names>H.</given-names></name>, <name><surname>Chilcoat</surname><given-names>H.</given-names></name>, <name><surname>Leaf</surname><given-names>P. J.</given-names></name>, <name><surname>Ialongo</surname><given-names>N. S.</given-names></name>, &amp; <name><surname>Kellam</surname><given-names>S. G.</given-names></name> (<year>2004</year>). <article-title>Utility of TOCA-R scores during the elementary school years in identifying later violence among adolescent males.</article-title> <source>Journal of the American Academy of Child and Adolescent Psychiatry</source> <volume>43</volume>, <fpage>88</fpage>–<lpage>96</lpage>. <pub-id pub-id-type="doi">doi:10.1097/00004583-200401000-00018</pub-id></mixed-citation></ref><ref id="bibr34-0198-7429-40.3.159"><mixed-citation publication-type="journal"><name><surname>Rapport</surname><given-names>M. D.</given-names></name>, <name><surname>Denny</surname><given-names>C. B.</given-names></name>, <name><surname>Chung</surname><given-names>K.</given-names></name>, &amp; <name><surname>Hustace</surname><given-names>K.</given-names></name> (<year>2001</year>). <article-title>Internalizing behavior problems and scholastic achievement in children: Cognitive mediators and pathways as mediators of outcomes.</article-title> <source>Journal of Clinical Child Psychology</source> <volume>30</volume>, <fpage>536</fpage>–<lpage>551</lpage>. <pub-id pub-id-type="doi">doi:10.1207/S15374424JCCP3004_10</pub-id></mixed-citation></ref><ref id="bibr35-0198-7429-40.3.159"><mixed-citation publication-type="book"><name><surname>Walker</surname><given-names>H. M.</given-names></name>, <name><surname>Forness</surname><given-names>S. R.</given-names></name>, &amp; <name><surname>Lane</surname><given-names>K. L.</given-names></name> (<year>2014</year>). <chapter-title>Design and management of scientific research in applied school settings.</chapter-title> In <name><surname>Cook</surname><given-names>B.</given-names></name>, <name><surname>Tankersley</surname><given-names>M.</given-names></name>, &amp; <name><surname>Landrum</surname><given-names>T.</given-names></name> (Eds.), <source>Advances in learning and behavioral disabilities</source> (vol. <volume>27</volume>, pp. <fpage>141</fpage>–<lpage>169</lpage>). <publisher-loc>Bingley, UK</publisher-loc>: <publisher-name>Emerald</publisher-name>.</mixed-citation></ref><ref id="bibr36-0198-7429-40.3.159"><mixed-citation publication-type="book"><name><surname>Walker</surname><given-names>H. M.</given-names></name>, &amp; <name><surname>Severson</surname><given-names>H.</given-names></name> (<year>1992</year>). <source>Systematic Screening for Behavior Disorders: Technical manual.</source> <publisher-loc>Longmont, CO</publisher-loc>: <publisher-name>Sopris West.</publisher-name></mixed-citation></ref></ref-list></back></article>